{"state_size": 10, "action_size": 2, "EHMI": false, "gamma": 0.99, "lr_p": 1e-05, "lr_v": 1e-05, "k_epoch": 5, "exploration_rate": 0.1, "noise_scale": 0.1, "max_epochs": 20000, "max_average_reward": 14.468593178495448, "features_range": {"x": [-20, 60], "y": [-50, 30], "vx": [-10, 10], "vy": [-10, 10], "speed": [0, 10], "heading": [-3.141592653589793, 3.141592653589793], "cos_h": [-1, 1], "sin_h": [-1, 1], "lat_off": [-2, 3], "ang_off": [-0.7853981633974483, 0.7853981633974483], "Safety": [0, 150], "distance": [0, 30], "angle": [0, 360], "ob_speed": [0, 10]}, "step": 5661}